<?xml version="1.0" encoding="UTF-8"?>


<reviews>
<opinion>
		<reviewID></reviewID>
 
		<product>
			<productname>3 x SWIDO® Schutzfolie Canon PowerShot SX540 HS Displayschutzfolie Folie "AntiReflex" antireflektierend</productname>
			<salesrank>6873</salesrank>
			<ratingcount>1</ratingcount>
		</product>
		<shop>SWIDO</shop>
		<rating>
			<five_stars>0</five_stars>
			<one_star>0</one_star>
			<this_rating>4</this_rating>
		</rating>
		<reviewer>
			<reviewer_name>bruno schell</reviewer_name>
			<realName>1</realName>
			<verified>1</verified>
			<assistant>0</assistant>
		</reviewer>
		<review_text>
			<tonality>1</tonality>
			<review_date>07.06.2017</review_date>
			<headline>Grosse Hilfe.</headline>
			<text>Bei starker Sonneneinstrahlung kann ich jetzt zumindest erkennen was ich fotographiere. Früher sah ich nur mein Gesicht im kleinen Monitor. Folie halb abziehen und dessen Anfang genau ansetzen,dann sukzessiv mit einer Kredikarte o. ähnlich die Folie langsam auf dem Monitor aufbringen. Geht besser als erwartet hatte. Hatte keine Luftblasen dazwischen.</text>
		</review_text>
		<classification_as_spam></classification_as_spam>
	</opinion>
	
	
	
	
	<opinion>
		<reviewID></reviewID>	
 
		<product>
			<productname>Tomtom selbstklebende Platten für das Armaturenbrett 2er Pack (Adhevise disks)</productname>
			<salesrank>21</salesrank>
			<ratingcount>514</ratingcount>
		</product>
		<shop>TomTom</shop>
		<rating>
			<five_stars>331</five_stars>
			<one_star>64</one_star>
			<this_rating>5</this_rating>
		</rating>
		<reviewer>
			<reviewer_name>bruno schnell</reviewer_name>
			<realName>1</realName>
			<verified>1</verified>
			<assistant>0</assistant>
		</reviewer>
		<review_text>
			<tonality>1</tonality>
			<review_date>07.06.2017</review_date>
			<headline>Gute Wahl</headline>
			<text>Die gelieferte Platte hält bombenfest,auch bei sehr hohen Aussentemeraturen. Habe das Armaturenbrett vorher mit Spiritus / Wasser gesäubert,fest angepresst und fertig.</text>
		</review_text>
		<classification_as_spam></classification_as_spam>
	</opinion>
	
	
	<opinion>
		<reviewID></reviewID>
 
		<product>
			<productname>Vredestein Ultrac Vorti - 225/45/R17 94Y - E/B/70 - Sommerreifen</productname>
			<salesrank>151.863</salesrank>
			<ratingcount>1</ratingcount>
		</product>
		<shop>Verdestein</shop>
		<rating>
			<five_stars>1</five_stars>
			<one_star>0</one_star>
			<this_rating>5</this_rating>
		</rating>
		<reviewer>
			<reviewer_name>bruno schell</reviewer_name>
			<realName>1</realName>
			<verified>1</verified>
			<assistant>4</assistant>
		</reviewer>
		<review_text>
			<tonality>1</tonality>
			<review_date>10.04.2016</review_date>
			<headline>Gute Fahreigenschaften</headline>
			<text>Lieferung kam schnell und die Fahreigenschaften sind sehr gut,sowohl bei trockenem Wetter als auch bei Nässe. Bremsverhalten gut. Etwas zu laut,kann auch von meinem subjektivem Empfinden abhängen,da ich von meinen Winterreifen 195/65 auf den breiteren Reifen umgestiegen bin.</text>
		</review_text>
		<classification_as_spam></classification_as_spam>
	</opinion>
	
	
	
	<opinion>
		<reviewID></reviewID>
 
		<product>
			<productname>Schenkung auf Italienisch Taschenbuch – 30.</productname>
			<salesrank>1</salesrank>
			<ratingcount>4.250751</ratingcount>
		</product>
		<shop>Christine Matha</shop>
		<rating>
			<five_stars>1</five_stars>
			<one_star>0</one_star>
			<this_rating>5</this_rating>
		</rating>
		<reviewer>
			<reviewer_name>bruno schnell</reviewer_name>
			<realName>1</realName>
			<verified>1</verified>
			<assistant>1</assistant>
		</reviewer>
		<review_text>
			<tonality>1</tonality>
			<review_date>22.04.2015</review_date>
			<headline>Ein packendes Buch !</headline>
			<text>Die Autorin Christine Matha zeigt in einer sehr offenen Art auf,wie Sekten sich anhand von Handlangern bereichern und so Menschen ins Unglück bzw in den finanziellen Ruin stürzen. Ich bewundere den Mut der Autorin,diese Machenschaften öffentlich zu machen und kann dieses ausgezeichnet geschriebene Buch sehr empfehlen.</text>
		</review_text>
		<classification_as_spam></classification_as_spam>
	</opinion>
	
	
	
	
	<opinion>
		<reviewID>https://www.amazon.de/gp/customer-reviews/R2M3DY05GH5P0H/ref=cm_cr_arp_d_rvw_ttl?ie=UTF8&ASIN=3956671287</reviewID>
		<product>
			<productname>Warum ein Maulwurf keinen Schmetterling fangen kann: Depression in Lyrik und Prosa Taschenbuch – 20. Oktober 2014</productname>
			<salesrank>678.851</salesrank>
			<ratingcount>6</ratingcount>
		</product>
		<shop>Maria Maggio</shop>
		<rating>
			<five_stars>6</five_stars>
			<one_star>0</one_star>
			<this_rating>5</this_rating>
		</rating>
		<reviewer>
			<reviewer_name>bruno schnell</reviewer_name>
			<realName>1</realName>
			<verified>1</verified>
			<assistant>1</assistant>
		</reviewer>
		<review_text>
			<tonality>1</tonality>
			<review_date>08.01.2015</review_date>
			<headline>Bin begeistert</headline>
			<text>Mag dieses Buch von Marina Maggio sehr Es ist so wunderbar authentisch und bringt mir die Autorin , in der Beschreibung der Depressionen,ganz nahe. Geschrieben in lyrischer Form und in Prosa,gekonnt und fließend sind die Übergänge hierbei und man merkt einfach,dass es mit viel Herzblut geschrieben wurde. Für mich ist das ein tolles Buch und eine unbedingte Kaufempfehlung.</text>
		</review_text>
		<classification_as_spam></classification_as_spam>
	</opinion>
	
	
	
	<opinion>
		<reviewID></reviewID>
 
		<product>
			<productname>GEV 000360 LED Treppenlicht LLL 360 mit 120 Grad Bewegungsmelder Daemmerschalter batteriebetrieben Innen und Aussenbetrieb, weiß</productname>
			<salesrank>13.460</salesrank>
			<ratingcount>155</ratingcount>
		</product>
		<shop>GEV</shop>
		<rating>
			<five_stars>111</five_stars>
			<one_star>8</one_star>
			<this_rating>1</this_rating>
		</rating>
		<reviewer>
			<reviewer_name>bruno schell</reviewer_name>
			<realName>1</realName>
			<verified>1</verified>
			<assistant>1</assistant>
		</reviewer>
		<review_text>
			<tonality>0</tonality>
			<review_date>08.12.2014</review_date>
			<headline>Wackelkontakt</headline>
			<text>Pünktliche Lieferung,war gut verpackt. Hatte 3 Stück bestellt. Habe dann 1 Teil ausprobiert und festgestellt,dass es einen Wackelkontakt hatte,d.h. es ging an und aus, je nachdem wie man es bewegte. Habe die gesamte Sendung zurück geschickt und warte auf die Rücküberweisung des Rechnungsbetrags.</text>
		</review_text>
		<classification_as_spam></classification_as_spam>
	</opinion>
	
	
	
	
	<opinion>
		<reviewID></reviewID>
 
		<product>
			<productname>Epson Glossy Photo Paper - 2 für 1,10x15 cm, 225g/m², 100 Blatt</productname>
			<salesrank>58.637</salesrank>
			<ratingcount>57</ratingcount>
		</product>
		<shop>Epson</shop>
		<rating>
			<five_stars>45</five_stars>
			<one_star>0</one_star>
			<this_rating>2</this_rating>
		</rating>
		<reviewer>
			<reviewer_name>bruno schnell</reviewer_name>
			<realName>1</realName>
			<verified>1</verified>
			<assistant>1</assistant>
		</reviewer>
		<review_text>
			<tonality>0</tonality>
			<review_date>28.05.2013</review_date>
			<headline>Nicht so gut</headline>
			<text>Das Papier ist nicht weiss,sondern elfenbeinfarbig.Dadurch werden die Farbtöne der Bilder verfälscht. Habe das Fotopapier auf Grund der vielen positiven Beurteilungen bestellt und bin deshalb vom Ergebnis entsprechend enttäuscht.</text>
		</review_text>
		<classification_as_spam></classification_as_spam>
	</opinion>
	
	
	
	
	
	<opinion>
		<reviewID></reviewID>
 
		<product>
			<productname>12 inspirierende Frauen 50 +: Jahreskalender 2013 Spiralbindung – 15. Oktober 2012</productname>
			<salesrank>4.520.347</salesrank>
			<ratingcount>3</ratingcount>
		</product>
		<shop>Brigitte Steinmeyer</shop>
		<rating>
			<five_stars>3</five_stars>
			<one_star>0</one_star>
			<this_rating>5</this_rating>
		</rating>
		<reviewer>
			<reviewer_name>bruno schnell</reviewer_name>
			<realName>1</realName>
			<verified>1</verified>
			<assistant>2</assistant>
		</reviewer>
		<review_text>
			<tonality>1</tonality>
			<review_date>24.02.2012</review_date>
			<headline>Sehr inspirierend !</headline>
			<text>Ein sehr schöner Kalender mit 12 hübschen und charmanten Damen mit toller weiblicher Ausstrahlung. Besonders gefällt mir der März,der anschaulich zeigt, dass der Frühling schon sehr nahe ist.</text>
		</review_text>
		<classification_as_spam></classification_as_spam>
	</opinion>

	
	
	<opinion>
		<reviewID>https://www.amazon.de/gp/customer-reviews/RZ9UGTQ0QX9QE/ref=cm_cr_arp_d_rvw_ttl?ie=UTF8&ASIN=3864830141</reviewID> 
		<product>
			<productname>Ein Lächeln für die Liebe: eine Sinfonie aus Bild- und Wortzauberei Taschenbuch – 21. September 2012</productname>
			<salesrank>4877.457</salesrank>
			<ratingcount>1</ratingcount>
		</product>
		<shop>MediMops</shop>
		<rating>
			<five_stars>1</five_stars>
			<one_star>0</one_star>
			<this_rating>5</this_rating>
		</rating>
		<reviewer>
			<reviewer_name>bruno schnell</reviewer_name>
			<realName>1</realName>
			<verified>1</verified>
			<assistant>2</assistant>
		</reviewer>
		<review_text>
			<tonality>1</tonality>
			<review_date>26.09.2012</review_date>
			<headline>Begeisternd</headline>
			<text>Hatte einige Gedichte der Autorin im Internet gelesen,die mir sehr gut gefielen,so habe ich mir dieses Buch gekauft. Das Buch hat meine Erwartungen noch übertroffen. Bin ganz begeistert,sowohl von der gesamten Aufmachung als auch von den tollen Fotos und Gedichten. Sehr empfehlenswert !! Bruno Schne</text>
		</review_text>
		<classification_as_spam></classification_as_spam>
	</opinion>
	
	
	
	
	<opinion>
		<reviewID></reviewID>
 
		<product>
			<productname>Sennheiser CX 300-II Precision In-Ear-Kopfhörer (1,2 m Kabellänge, 3,5 mm Klinkenstecker, Tragetasche, Earadapterset S/M/L) schwarz</productname>
			<salesrank>8</salesrank>
			<ratingcount>1013</ratingcount>
		</product>
		<shop>Sennheiser</shop>
		<rating>
			<five_stars>496</five_stars>
			<one_star>130</one_star>
			<this_rating>1</this_rating>
		</rating>
		<reviewer>
			<reviewer_name>Nico ban Drey</reviewer_name>
			<realName>1</realName>
			<verified>0</verified>
			<assistant>3</assistant>
		</reviewer>
		<review_text>
			<tonality>0</tonality>
			<review_date>25.01.2017</review_date>
			<headline>Basslastige Kopfhörer?</headline>
			<text>Da ich sehr enthusiastisch gegenüber Töne bin, habe ich nach In-Ears gesucht, die mir entsprechend meinen Ohren ein Gefühl der Freiheit geben. Mir wurde daraufhin die Sennheiser CX 300 II empfohlen!! Ich höre weder schlecht, noch bin ich keine gute Qualität gewohnt... doch diese Kopfhörer als Klanglich sehr Gut und basslastige zu betiteln ist für mich untersten Niveau. Was hat sich Sennheiser nur dabei gedacht? Die Töne knallen mit einen schrillen Ton auf das Trommelfell und vom Bass fehlt jede Spur. Außerdem kommt noch hinzu, dass sie eine magere Lautstärkerestistenz haben. Hab sie zurückgeschickt und mein Geld wieder bekommen!!</text>
		</review_text>
		<classification_as_spam></classification_as_spam>
	</opinion>
	
	
	<opinion>
		<reviewID></reviewID>
 
		<product>
			<productname>Sennheiser CX 3.00 In-Ear Kopfhörer schwarz</productname>
			<salesrank>59</salesrank>
			<ratingcount>187</ratingcount>
		</product>
		<shop>Sennheiser</shop>
		<rating>
			<five_stars>77</five_stars>
			<one_star>31</one_star>
			<this_rating>2</this_rating>
		</rating>
		<reviewer>
			<reviewer_name> Nico van Drey</reviewer_name>
			<realName>1</realName>
			<verified>1</verified>
			<assistant>0</assistant>
		</reviewer>
		<review_text>
			<tonality>0</tonality>
			<review_date>02.10.2015</review_date>
			<headline>Grundgütiger...</headline>
			<text>wie kommen viele darauf, dass die Sennheiser CX 3.00 basslastig sind. Ich als erfahrener Sound-Enthusiast habe lange nach In-Ears gesucht und wollte mal ein bisschen Qualität einsparen, aber....... Verpackung und Versand sind im Prime Standard gewohnt sehr gut! Da ich sehr gut von Frequenzen unterscheiden kann und sehr wohl viel mit Audio zu tun hab (DJ, Producing, AV Receiver System), sind diese Kopfhörer eher auf wenigere Basslines ausgelegt. Ich konnte auch sehr gut raushören, dass bei einer gewissen Lautstärke und Basslastigkeit, die Kopfhörer übersteuerten (d.h. das sie leicht geknarzt) haben und sowas ist unverschämt, die Sennheiser als basslastiges Modell auszugeben!!! Getestete Musikrichtungen: Electro, Dance,Trance, House, Deep House, Deutsch Rap und bei Instrumental/Orchestral gehen die In-Ears völlig unter... Fazit: nie wieder einsparen in etwaigen Podukten... da sind die Beats Tour 2 die ich davor hatte ja um längen besser gewesen!!</text>
		</review_text>
		<classification_as_spam></classification_as_spam>
	</opinion>
	
	
	
	<opinion>
		<reviewID></reviewID>
 
		<product>
			<productname>DonDon Holz Rosenkranz - Halskette mit schwarzen Perlen</productname>
			<salesrank>63.309</salesrank>
			<ratingcount>6</ratingcount>
		</product>
		<shop>Don Don</shop>
		<rating>
			<five_stars>4</five_stars>
			<one_star>0</one_star>
			<this_rating>5</this_rating>
		</rating>
		<reviewer>
			<reviewer_name>Nico van Drey</reviewer_name>
			<realName>1</realName>
			<verified>1</verified>
			<assistant>0</assistant>
		</reviewer>
		<review_text>
			<tonality>1</tonality>
			<review_date>11.05.2014</review_date>
			<headline>Hervorragend</headline>
			<text>hält genau was es verspricht! Kommt nicht so billig rüber wie andere der Art. Versand verlief recht schnell und würde dieses Produkt jederzeit wieder kaufen</text>
		</review_text>
		<classification_as_spam></classification_as_spam>
	</opinion>
	
	
	<opinion>
		<reviewID></reviewID>
 
		<product>
			<productname>Key Largo Herren T-Shirt slimfit V-Ausschnitt Padre weiß S</productname>
			<salesrank>381.236</salesrank>
			<ratingcount>6</ratingcount>
		</product>
		<shop>Key Largo</shop>
		<rating>
			<five_stars>5</five_stars>
			<one_star>1</one_star>
			<this_rating>5</this_rating>
		</rating>
		<reviewer>
			<reviewer_name>Nico van Drey</reviewer_name>
			<realName>1</realName>
			<verified>1</verified>
			<assistant>0</assistant>
		</reviewer>
		<review_text>
			<tonality>1</tonality>
			<review_date>02.05.2014</review_date>
			<headline>Key Largo's Top Qualität</headline>
			<text>Fühlt sich angenehm beim tragen an. Viele beuteile, dass der Stoff recht dünn sei kann ich durchaus bestätigen. Besitze aber Shirts von Boom Bap die noch viel dünner sind und das scheint schon das Limit zu sein. Größe von dem Shirt ist recht genau und sieht vom Schnitt sagenhaft gut aus. Key Largo ist und bleibt einfach gute Qualität</text>
		</review_text>
		<classification_as_spam></classification_as_spam>
	</opinion>
	
	
	<opinion>
		<reviewID></reviewID>
 
		<product>
			<productname>The Cabin in the Woods [Blu-ray]</productname>
			<salesrank>2.091</salesrank>
			<ratingcount>344</ratingcount>
		</product>
		<shop>Amazon</shop>
		<rating>
			<five_stars>142</five_stars>
			<one_star>79</one_star>
			<this_rating>3</this_rating>
		</rating>
		<reviewer>
			<reviewer_name>Nico van Drey</reviewer_name>
			<realName>1</realName>
			<verified>0</verified>
			<assistant>0</assistant>
		</reviewer>
		<review_text>
			<tonality>0</tonality>
			<review_date>03.03.2013</review_date>
			<headline>Zu wenig Splatter wie angegeben...</headline>
			<text>Der Film ist Storytechnisch wie jeder Film. Ausgelutscht und man kann sagen, ach ja der beißt ins Gras. Nichts desto trotz ist er für ein Abend recht in Ordnung, aber für mich Gore-Fetischist zu langweilig. Die meisten beschweren sich hier um, da ist zu viel Blut, da zu viel Splatter! Meiner meinung nach reden die meisten ein Stuss, der schon nicht mehr feierlich ist. Ich finde ehrlich gesagt, dass da einiges an Gewalt rausgenommen wurde und eher müde ausfällt. Wenn man keine Ahnung hat einfach mal .... und ich hab schon richtig krasse Filme gesehen, wo man eher sagen kann, kranke gore effects. Ich sehe das nicht so und lache immer lautstark im Kino weil es einfach nur witzig ist! Und da es nie real ist, kann man einfach nur darüber lachen, aber manche wollen immer eine versuchte Intelligenz hervorzuheben die meine Ohren mit gequirlter kacke vollgemüllt wird. Also härtet euch ab in der Realität und kommt mal wieder raus aus eurer kleinen bunten Knetewelt.</text>
		</review_text>
		<classification_as_spam></classification_as_spam>
	</opinion>
	
	
	
	
	
	
	<opinion>
		<reviewID></reviewID>
 
		<product>
			<productname>Xbox 360 - Razer ONZA Controller Tournament Edition</productname>
			<salesrank>16.320</salesrank>
			<ratingcount>86</ratingcount>
		</product>
		<shop>Razer</shop>
		<rating>
			<five_stars>24</five_stars>
			<one_star>23</one_star>
			<this_rating>5</this_rating>
		</rating>
		<reviewer>
			<reviewer_name>Nico van Drey</reviewer_name>
			<realName>1</realName>
			<verified>0</verified>
			<assistant>4</assistant>
		</reviewer>
		<review_text>
			<tonality>1</tonality>
			<review_date>22.06.2011</review_date>
			<headline>Ein totales muss...</headline>
			<text>Die Herstellerfirma Razer hat bekanntlich schon richtig gute Sachen auf den Markt gebracht. Da ich einige Produkte von Razer nutze, war ich eher skeptisch und doch sehr erfreut was den Controller anbelangt. So jetzt zum Produkt: Verpackung ist wie immer recht schön und stabil aufgebaut. Ein kleiner Umschlag mit Garantieleistung, Aufkleber und Zertifikat sind schön dem Stil angepasst. Der Controller selbst sah Anfangs meines Empfindens recht billig aus, was sich aber sobald man das Spielen anfängt schnell ändert. Das Kabel ist keinesfalls störend und hat eine stolze Länge von 4,5 m. Was ich regelrecht echt Klasse finde ist, dass Razer ihren Produkten in Sachen Präzision treu bleiben. Das spielen auf XBox sowie auf dem PC ist wirklich sehr präzise und aller erste Klasse. Der anpassbare Widerstand (Zahnräder) der bei beiden Analog-Sticks für optimale Präzision sorgt, ist ganz schnell einzustellen und sehr hilfreich! Das "installieren" des Controllers ist echt Kinder leicht. Im kurzen und ganzen gibt es keine Installation nur im Bereich des PC's (Treiber) "Das war bei anderen Produkten nicht der Fall" Ein nicht wirklich störendes Manko sind die oberen Buttons, da sie wirklich nah beieinander liegen. Viele meinten es sei einigermaßen störend! Ich selber finde es persönlich nicht schlimm, eher sehr effektiv, für schnelle Nahkampfattacken sind sie sehr gut geeignet. Fazit: Alle Tasten sind Genau aufeinander abgestimmt! Für Ego-Shooter Fans ist es auf jeden Fall ein Pflichtkauf! Danke Razer für das tolle Gerät ;)</text>
		</review_text>
		<classification_as_spam></classification_as_spam>
	</opinion>
	
	
	
	<opinion>
		<reviewID></reviewID>
 
		<product>
			<productname>Reworks</productname>
			<salesrank>0</salesrank>
			<ratingcount>9</ratingcount>
		</product>
		<shop>Amazon</shop>
		<rating>
			<five_stars>5</five_stars>
			<one_star>0</one_star>
			<this_rating>5</this_rating>
		</rating>
		<reviewer>
			<reviewer_name>Nico van Drey</reviewer_name>
			<realName>1</realName>
			<verified>0</verified>
			<assistant>2</assistant>
		</reviewer>
		<review_text>
			<tonality>1</tonality>
			<review_date>29.09.2010</review_date>
			<headline>Paule halt</headline>
			<text>Ohne Worte! Ist nicht gerade das was man denkt, aber für Paul Kalkbrenner Fans ein muss. Für zwischendurch kann man es sich mal anhören. Da ich ein sehr großer Fan des Musikers bin, sag ich nur dazu:</text>
		</review_text>
		<classification_as_spam></classification_as_spam>
	</opinion>
	
	
	<opinion>
		<reviewID></reviewID>
 
		<product>
			<productname>Spannende Abenteuer Die verschollene Grabkammer</productname>
			<salesrank>26781</salesrank>
			<ratingcount>13</ratingcount>
		</product>
		<shop>Intenium</shop>
		<rating>
			<five_stars>7</five_stars>
			<one_star>0</one_star>
			<this_rating>5</this_rating>
		</rating>
		<reviewer>
			<reviewer_name>Nico van Drey</reviewer_name>
			<realName>1</realName>
			<verified>0</verified>
			<assistant>2</assistant>
		</reviewer>
		<review_text>
			<tonality>1</tonality>
			<review_date>29.09.2010</review_date>
			<headline>wie schon der Titel verrät</headline>
			<text>Zuerst einmal ein hohes Lob an dieser Unterhaltungssoftware!! Spannung und Spaß in einem, somit ist dieses Spiel sehr unterhaltsam. In einigen Bereichen ganz schön knifflig, aber lösbar! Hat auf jeden Fall die 5 Sterne verdient.</text>
		</review_text>
		<classification_as_spam></classification_as_spam>
	</opinion>
	
	
	<opinion>
		<reviewID></reviewID>
 
		<product>
			<productname>PlayStation 3 - DualShock 3 Wireless Controller, weiß</productname>
			<salesrank>2.525</salesrank>
			<ratingcount>1.610</ratingcount>
		</product>
		<shop>Sony</shop>
		<rating>
			<five_stars>1.015</five_stars>
			<one_star>258</one_star>
			<this_rating>1</this_rating>
		</rating>
		<reviewer>
			<reviewer_name>Oliver Timm</reviewer_name>
			<realName>0</realName>
			<verified>1</verified>
			<assistant>0</assistant>
		</reviewer>
		<review_text>
			<tonality>0</tonality>
			<review_date>11.09.2016</review_date>
			<headline>Oliver Timm</headline>
			<text>Ich habe den weissen controller gekauft, welcher in einer originalverpackung geliefert wurde. Der sensor des controllers ging nicht. Ich habe den controller geöffnet. Innen befand sich ein blauer Akku. Der Aufbau war auch anders als bei einem Originalakku</text>
		</review_text>
		<classification_as_spam></classification_as_spam>
	</opinion>
	
	<opinion>
		<reviewID></reviewID>
 
		<product>
			<productname>FIBAtec Ersatzakku passend für Apple (iPhone 4S 616-0582)</productname>
			<salesrank>2998</salesrank>
			<ratingcount>47</ratingcount>
		</product>
		<shop>FIBAtec</shop>
		<rating>
			<five_stars>25</five_stars>
			<one_star>15</one_star>
			<this_rating>1</this_rating>
		</rating>
		<reviewer>
			<reviewer_name>Oliver Timm</reviewer_name>
			<realName>0</realName>
			<verified>1</verified>
			<assistant>1</assistant>
		</reviewer>
		<review_text>
			<tonality>0</tonality>
			<review_date>14.11.2015</review_date>
			<headline>Mogelpackung 1420mAh statt 1430mAh</headline>
			<text>Ich habe einen Akku für das IPhone 4S gekauft und hier bei auf die APN geachtet (616-0582). Der Einbau war einfach und der Akku war bereits zu 50% geladen. Eine Überprüfung ergab aber das statt 1430mAh, der Akku nur 1420mAh hat. Akkus für das IPhone 4 haben 1420mAh. Akkus für das IPhone 4S haben 1430mAh. Der Akku von FIBAtec ist mit 1430mAh beschriftet und für IPhone 4S beschriftet, scheint aber ein IPhone 4 Akku zu sein.´ Der Akku scheint also eine Mogelpackung zu sein. Beim ersten laden wurde der Akku nicht heiß (Laden über USB am PC). Ich habe den Verkäufer angeschrieben und nach dem Sachverhalt gefragt. Die Antwort war, "haben sie den richtigen Akku erhalten?" Wenn ich die Aussage des Verkäufers betrachte so bedeutet dieses, dass der Verkäufer selbst nicht weis was er versendet. So kann ich aktuell nur vor dem Kauf des Akkus warnen. Aus folgenden Grund: - es wird kein Akku mit der passenden APN versendet. - der gelieferte Akku hat keine APN. - ach die Lieferverpackung des Akkus hat keine Angabe zur APN. - der gelieferte Akku hat als Angabe 1430mAh, doch tatsächlich nur 1420mAh - der Verkäufer selbst scheint nicht zu wissen was geliefert wird. Die Rezension wird später noch einmal geändert bzw. erweitert.</text>
		</review_text>
		<classification_as_spam></classification_as_spam>
	</opinion>
	
	<opinion>
		<reviewID></reviewID>
 
		<product>
			<productname>Nestle Ricore l'instant Douceur Instant Kaffee mit Extrakten aus der Zichorie Wurzel 260 Gramm</productname>
			<salesrank>19.076</salesrank>
			<ratingcount>4</ratingcount>
		</product>
		<shop>Nestlé</shop>
		<rating>
			<five_stars>3</five_stars>
			<one_star>1</one_star>
			<this_rating>1</this_rating>
		</rating>
		<reviewer>
			<reviewer_name>Oliver Timm</reviewer_name>
			<realName>0</realName>
			<verified>0</verified>
			<assistant>4</assistant>
		</reviewer>
		<review_text>
			<tonality>0</tonality>
			<review_date>25.04.2015</review_date>
			<headline>Überteuert</headline>
			<text>Französischer Checorée Café zu einem extrem hohen Preis. Nur weil es das Produkt in Deutschland nicht gibt, so bedeutet dass nicht, dass mehr als das doppelte als Preus gerechtfertig ist. Auf Grund des Preises nur ein Stern.</text>
		</review_text>
		<classification_as_spam></classification_as_spam>
	</opinion>
	
	
	<opinion>
		<reviewID></reviewID>
 
		<product>
			<productname>Grundig CH 7280w Multi-Zerkleinerer (Gourmet, 400 Watt, 1 l Glasbehälter), weiß</productname>
			<salesrank>29.948</salesrank>
			<ratingcount>68</ratingcount>
		</product>
		<shop></shop>
		<rating>
			<five_stars>35</five_stars>
			<one_star>12</one_star>
			<this_rating>1</this_rating>
		</rating>
		<reviewer>
			<reviewer_name>Oliver Timm</reviewer_name>
			<realName>0</realName>
			<verified>1</verified>
			<assistant>13</assistant>
		</reviewer>
		<review_text>
			<tonality>0</tonality>
			<review_date>21.02.2015</review_date>
			<headline>Konstruktionsmangel</headline>
			<text>Wir haben das Gerät 2013 gekauft. Dann Insgesamt bis zum Februar 2015, ganze 10 mal verwendet. Das Gerät ist an für sich hochwertig. Update vom 22.5.2017: positiv: Motor und Gehäuseteil sind hochwertig in der Verarbeitung. Gerät lässt sich gut reinigen. negativ: Gerät im Betrieb laut. Verbindung zwischen Motor und Messer ist fehlerhaft. Motor des Ersatzgerätes ist nach einmaligen Gebrauch ausgegangen. Gerät ist absolut Schrott. Die Verbindung zwischen Motor und Messer ist am Gerät wie in anderen Rezensionen geschildert, der Schwachpunkt. Schon nach wenigen Anwendungen ist die Verzahnung auf der Messerseite ausgeschlagen. Dieses liegt an dem Kunststoff der Verzahnung vom Messer. Es scheint ein Produktionsmangel zu sein. Aktuell warten wir auf Antwort von Grundig zu diesem Thema. Ich kann nur abraten den Multi-Zerkleinerer CH 7280 zu kaufen (Anmerkung: dieses würde ich auch für den weißen Zerkleinerer gelten lassen, da Baugleich).</text>
		</review_text>
		<classification_as_spam></classification_as_spam>
	</opinion>
	
	
	<opinion>
		<reviewID></reviewID>
 
		<product>
			<productname>Philips LED-Lampe ersetzt 25Watt E27 2700 Kelvin - warm-weiß, 2.7 Watt, 250 Lumen [Energieklasse A++]</productname>
			<salesrank>21.624</salesrank>
			<ratingcount>75</ratingcount>
		</product>
		<shop>Philips</shop>
		<rating>
			<five_stars>44</five_stars>
			<one_star>10</one_star>
			<this_rating>1</this_rating>
		</rating>
		<reviewer>
			<reviewer_name>Oliver Timm</reviewer_name>
			<realName>0</realName>
			<verified>1</verified>
			<assistant>2</assistant>
		</reviewer>
		<review_text>
			<tonality>0</tonality>
			<review_date>29.06.2014</review_date>
			<headline>Amazon liefert nur 2,7W statt 4W</headline>
			<text>Ich hatte die 4W von Philips bestellt. Geliefert wurde dann 2,7W. Meine Reklamation brachte eine Neulieferung. Auch dort 2,7W statt der 4W. Da anscheinend 4W nur 2,7W sind, so ist die Bezeichnung hier irreführend.</text>
		</review_text>
		<classification_as_spam></classification_as_spam>
	</opinion>
	
	
	<opinion>
		<reviewID></reviewID>
 
		<product>
			<productname>Salco STV-151 weiss</productname>
			<salesrank>529.608</salesrank>
			<ratingcount>3</ratingcount>
		</product>
		<shop>Salco</shop>
		<rating>
			<five_stars>1</five_stars>
			<one_star>2</one_star>
			<this_rating>1</this_rating>
		</rating>
		<reviewer>
			<reviewer_name>Oliver Timm</reviewer_name>
			<realName>0</realName>
			<verified>1</verified>
			<assistant>0</assistant>
		</reviewer>
		<review_text>
			<tonality>0</tonality>
			<review_date>20.06.2013</review_date>
			<headline>nach 2 Minuten</headline>
			<text>Der Ventilator lief sage und schreibe 2 Minuten. Danach war er kaputt. In der Beschreibung fehlt auch jegliche Größenangabe. Es ist ein 15cm Lüfter mit 2 Stufen und nicht schwenkbar.</text>
		</review_text>
		<classification_as_spam></classification_as_spam>
	</opinion>
	
	
	<opinion>
		<reviewID></reviewID>
 
		<product>
			<productname>Bleu Noir</productname>
			<salesrank>0</salesrank>
			<ratingcount>16</ratingcount>
		</product>
		<shop>Amazon</shop>
		<rating>
			<five_stars>6</five_stars>
			<one_star>1</one_star>
			<this_rating>5</this_rating>
		</rating>
		<reviewer>
			<reviewer_name>Oliver Timm</reviewer_name>
			<realName>0</realName>
			<verified>0</verified>
			<assistant>2</assistant>
		</reviewer>
		<review_text>
			<tonality>1</tonality>
			<review_date>09.12.2010</review_date>
			<headline>ein weiteres tolles Album</headline>
			<text>Ich kann mich der vorherigen Rezension nur anschließen. Deshalb auch 5 Sterne. Das einzigste Negative ist der Preis. So bietet Amazon in Frankreich das Album als MP3 an für ein viertel des Preises hier an (das CD Album ist kaum teurer) und blockt dann die deutsche IP beim bestellen (obwohl es laut EU nicht sein darf). So weicht man dann auf andere Händler aus.</text>
		</review_text>
		<classification_as_spam></classification_as_spam>
	</opinion>
	
	
	<opinion>
		<reviewID></reviewID>
 
		<product>
			<productname>Toshiba SD 180 DVD-Player schwarz</productname>
			<salesrank>222.430</salesrank>
			<ratingcount>9</ratingcount>
		</product>
		<shop>Toshiba</shop>
		<rating>
			<five_stars>6</five_stars>
			<one_star>1</one_star>
			<this_rating>5</this_rating>
		</rating>
		<reviewer>
			<reviewer_name>Oliver Timm</reviewer_name>
			<realName>0</realName>
			<verified>1</verified>
			<assistant>74</assistant>
		</reviewer>
		<review_text>
			<tonality>1</tonality>
			<review_date>30.06.2008</review_date>
			<headline>codefree</headline>
			<text>Das Gerät lässt sich Codefree einstellen: - Power On - Open Tray - Press 9879 0</text>
		</review_text>
		<classification_as_spam></classification_as_spam>
	</opinion>
	
	
	<opinion>
		<reviewID></reviewID>
 
		<product>
			<productname>Desert Moon Original Recording Remastered</productname>
			<salesrank>0</salesrank>
			<ratingcount>2</ratingcount>
		</product>
		<shop>Dennis Deyoung</shop>
		<rating>
			<five_stars>2</five_stars>
			<one_star>0</one_star>
			<this_rating>5</this_rating>
		</rating>
		<reviewer>
			<reviewer_name>Oliver Timm</reviewer_name>
			<realName>0</realName>
			<verified>0</verified>
			<assistant>0</assistant>
		</reviewer>
		<review_text>
			<tonality>1</tonality>
			<review_date>25.01.2008</review_date>
			<headline>Sein erstes Solo Album</headline>
			<text>Das Album hat 8 Stücke wobei keines dem anderen nachsteht. Besonders gut gelungen ist das Lied Fire welches im Original von Jimmy Hendrix stammt. Please ist ein Duett. Erstaunlich bei diesem Album ist das Dennis DeYoung statt 3 oder 4 Songs bei Styx nun 8 Songs benötigte. Das tat der Qualität aber kein Abbruch.</text>
		</review_text>
		<classification_as_spam></classification_as_spam>
	</opinion>
	
	
	
	<opinion>
		<reviewID></reviewID>
		<product>
			<productname>One Hundred Years from Now Import</productname>
			<salesrank>0</salesrank>
			<ratingcount>2</ratingcount>
		</product>
		<shop>Dennis Deyoung</shop>
		<rating>
			<five_stars>2</five_stars>
			<one_star>0</one_star>
			<this_rating>5</this_rating>
		</rating>
		<reviewer>
			<reviewer_name>Oliver Timm</reviewer_name>
			<realName>0</realName>
			<verified>1</verified>
			<assistant>2</assistant>
		</reviewer>
		<review_text>
			<tonality>1</tonality>
			<review_date>25.01.2008</review_date>
			<headline>Dennis DeYoung meldet sich zurück</headline>
			<text>Nach dem Ausstieg von Styx dachte ich er wird kein neues Solo Album veröffentlichen (außer When I Hear a Christmas Song). Nun ist er 60 Jahre alt und das Album ist sein wohl bisher bestes Solo Album. Viele der Songs würden auch ein STYX Album passen (This time next year, respect me, forgiveness und besonders Rain und I don't believe in anything mit seinen Background Sängern). Einige Songs sind seiner Frau gewidmet ( z.B. Breathe Again). Der Titelsong ist ein Duett mit Éric Lapointe. Der Song turn off CNN ist der einzigste Song des Albums welcher schwächen aufweist und irgendwie nicht zum Album passt.</text>
		</review_text>
		<classification_as_spam></classification_as_spam>
	</opinion>
	
	
	<opinion>
		<reviewID></reviewID>
 
		<product>
			<productname>Achmed und der Fisch aus Tinte Taschenbuch – 2003</productname>
			<salesrank>2.826.294</salesrank>
			<ratingcount>3</ratingcount>
		</product>
		<shop>Rolf D Venzlaff</shop>
		<rating>
			<five_stars>1</five_stars>
			<one_star>2</one_star>
			<this_rating>1</this_rating>
		</rating>
		<reviewer>
			<reviewer_name>Oliver Timm</reviewer_name>
			<realName>0</realName>
			<verified>1</verified>
			<assistant>7</assistant>
		</reviewer>
		<review_text>
			<tonality>0</tonality>
			<review_date>22.03.2005</review_date>
			<headline>Ein Buch, das man nicht braucht</headline>
			<text>Der Marokkaner erscheint als absoluter Dummkopf in Form der Person Achmed. Während der Tourist als überlegend erscheint. Dann gibt es massenhaft Klischees. Die Satire sind eher Witze auf niedrigen Niveau. Ob man ein solches Buch braucht? Eher nicht! Selbst die Kultur kommt nicht herüber. Das einzig gute ist das äußere des Buches (ein wunderbares Bild), welches dazu führt das es einen Vitrinenplatz hat (als Bild). Wer sich nicht sicher ist ob der Kauf des Buches einen Sinn macht, der kann die Leseproben auf der Homepage des Schriftstellers lesen.</text>
		</review_text>
		<classification_as_spam></classification_as_spam>
	</opinion>
	
	
	
	<opinion>
		<reviewID></reviewID>
 
		<product>
			<productname>1914 - Der 1. Weltkrieg</productname>
			<salesrank>13.431</salesrank>
			<ratingcount>3</ratingcount>
		</product>
		<shop>Koch</shop>
		<rating>
			<five_stars>0</five_stars>
			<one_star>1</one_star>
			<this_rating>1</this_rating>
		</rating>
		<reviewer>
			<reviewer_name>Oliver Timm</reviewer_name>
			<realName>0</realName>
			<verified>0</verified>
			<assistant>10</assistant>
		</reviewer>
		<review_text>
			<tonality>0</tonality>
			<review_date>22.03.2005</review_date>
			<headline>Betaspiel- Hände weg</headline>
			<text>Das Spiel verspricht im Ansatz sehr viel. Viele Spielelemnte sind nicht vollständig umgesetzt. Es sind viele unlogische Elemente vorhanden. Das schlimmste ist aber dass man immer wie bei Schach versuchen muss mehr Einheiten zu haben, dann ist ein Sieg des einzelnen Szenarios sicher. Spielerisch ist die Verkaufsversion der Betaversion gleich. Selbst die gute Grafik kann das falsche Spielprinzip nicht wegmachen.</text>
		</review_text>
		<classification_as_spam></classification_as_spam>
	</opinion>
	
	
	<opinion>
		<reviewID></reviewID>
 
		<product>
			<productname>Europa Universalis 2</productname>
			<salesrank>46.475</salesrank>
			<ratingcount>11</ratingcount>
		</product>
		<shop>Ubisoft</shop>
		<rating>
			<five_stars>9</five_stars>
			<one_star>0</one_star>
			<this_rating>5</this_rating>
		</rating>
		<reviewer>
			<reviewer_name>Oliver Timm</reviewer_name>
			<realName>0</realName>
			<verified>0</verified>
			<assistant>6</assistant>
		</reviewer>
		<review_text>
			<tonality>1</tonality>
			<review_date>22.03.2005</review_date>
			<headline>auch nach langer Spielzeit sehr spannend</headline>
			<text>Europa Universalis 2 ist mit Sicherheit kein Grafikwunder. Doch die vorhandene Grafik ist absolut passend. Die Kampagnen die angeboten werden, sind alle sehr interessant. Es gibt verschiedene Glaubensrichtungen mit jeweils unterschiedlichen Bonuss oder Malus. Man kann auch ohne Probleme das Land wechseln. Wenn man z.B. Frankreich spielt und man möchte eventuell Spanien spielen, so kann man das alte Spiel mit Frankreich abspeichern. Anschließend geht man in die Kampagnenauswahl und wählt irgendeine Kampagne an und wählt Spanien als Land. Anschließend lädt man den alten Spielstand und man kann nun statt Frankreich, Spanien spielen. Andere Möglichkeiten sind das Vasallentum und die Möglichkeit von Bündnissen, wodurch die KI auch mit einen spielt. Insgesamt ist eine gute Spieltiefe da ohne dass dabei das Spiel zu überladen ist. Ein Editor rundet das Spiel ab. Ebenso können zahlreiche Spieldateien bearbeitet werden und weitere Staaten hinzugefügt werden. Auf der Seite von Paradox sind auch zahlreiche Mods für das Spiel zu finden.</text>
		</review_text>
		<classification_as_spam></classification_as_spam>
	</opinion>
	
	
	<opinion>
		<reviewID></reviewID>
 
		<product>
			<productname>Der Medicus Taschenbuch – 1990</productname>
			<salesrank>672</salesrank>
			<ratingcount>572.896</ratingcount>
		</product>
		<shop>besondersbuch</shop>
		<rating>
			<five_stars>493</five_stars>
			<one_star>21</one_star>
			<this_rating>4</this_rating>
		</rating>
		<reviewer>
			<reviewer_name>Oliver Timm</reviewer_name>
			<realName>0</realName>
			<verified>0</verified>
			<assistant>1</assistant>
		</reviewer>
		<review_text>
			<tonality>1</tonality>
			<review_date>22.03.2005</review_date>
			<headline>Gut erzählt</headline>
			<text>Wenn man das Buch ansieht, so denkt man dass 627 Seiten sehr langamtig sind. Doch wenn man anfängt zu lesen, dann begibt man sich auf eine Reise (mit dem Waisenjungen Rob Jeremy Cole)ohne dass es langamtig wird. Als kleines Extra werden am Ende des Buches fremdsprachige Ausdrücke erklärt(4 Seiten).</text>
		</review_text>
		<classification_as_spam></classification_as_spam>
	</opinion>
	
	<opinion>
		<reviewID></reviewID>
 
		<product>
			<productname>Die Fabeln Gebundene Ausgabe – April 1998</productname>
			<salesrank>2.410.704</salesrank>
			<ratingcount>14</ratingcount>
		</product>
		<shop>MEDIMOPS</shop>
		<rating>
			<five_stars>11</five_stars>
			<one_star>1</one_star>
			<this_rating>5</this_rating>
		</rating>
		<reviewer>
			<reviewer_name>Oliver Timm</reviewer_name>
			<realName>0</realName>
			<verified>0</verified>
			<assistant>2</assistant>
		</reviewer>
		<review_text>
			<tonality>2</tonality>
			<review_date>22.03.2005</review_date>
			<headline>ein Reisebegleiter</headline>
			<text>241 Fabeln umfasst das Buch wobei einige davon erst nach dem Leben von Jean de Lafontaine veröffentlicht wurden. Das gute an einem solchen Buch ist, dass man irgendwo beginnen kann. Als guter Reisebegleiter nehme ich es auf Reisen mit um mich immer wieder neu an den Fabeln zu begeistern. Als Abrundung des ganzen sind zahlreiche Illustrationen von Gustave Doré beigefügt</text>
		</review_text>
		<classification_as_spam></classification_as_spam>
	</opinion>
	
	
	<opinion>
		<reviewID></reviewID>
 
		<product>
			<productname>Satiren und Streitschriften Gebundene Ausgabe – 1. September 1993</productname>
			<salesrank>1.148.351</salesrank>
			<ratingcount>2</ratingcount>
		</product>
		<shop>buch_ag13</shop>
		<rating>
			<five_stars>2</five_stars>
			<one_star>0</one_star>
			<this_rating>5</this_rating>
		</rating>
		<reviewer>
			<reviewer_name>Oliver Timm</reviewer_name>
			<realName>0</realName>
			<verified>0</verified>
			<assistant>3</assistant>
		</reviewer>
		<review_text>
			<tonality>1</tonality>
			<review_date>20.03.2005</review_date>
			<headline>Swift von seiner besten Seite</headline>
			<text>Die vielen kleinen Geschichten zeigen Swift in allen möglichen Facetten. So gibt die Bücherschlacht, den Kampf zwischen den Büchern der Moderne und der Antike wieder um die besten Plätze in den Regalen zu erlangen. Eine andere Geschichte behandelt die Einführung des Blechpennys (Halfpenny) und die Folgen für das Königreich. Insgesamt 19 Satiren sind im Buch vertreten. Keine der geschichten lässt lange Weile aufkommen.</text>
		</review_text>
		<classification_as_spam></classification_as_spam>
	</opinion>
	
	
	<opinion>
		<reviewID></reviewID>
 
		<product>
			<productname>Yamakawa DVD 275 Multiregion DVD-Player schwarz</productname>
			<salesrank>818.021</salesrank>
			<ratingcount>9</ratingcount>
		</product>
		<shop>Yamakawa</shop>
		<rating>
			<five_stars>4</five_stars>
			<one_star>2</one_star>
			<this_rating>2</this_rating>
		</rating>
		<reviewer>
			<reviewer_name>Oliver Timmo</reviewer_name>
			<realName>0</realName>
			<verified>0</verified>
			<assistant>2</assistant>
		</reviewer>
		<review_text>
			<tonality>0</tonality>
			<review_date>27.09.2004</review_date>
			<headline>Qualitätsmangel</headline>
			<text>Das Gerät spielt alle möglichen Formate ab. Sehr gut ist auch die Regionseinstellung. Das entscheidende Manko ist aber dass sich viele Player nicht richtig öffnen (Schublade). Die Schublade geht nur widerwillig auf, weil die Montage im Player nicht richtig durchgeführt wurde. Auch bei ausgetauschten Geräten ist das Problem vorhanden. Abhilfe schafft das lösen der hinteren Gehäuseschrauben, danach geht die Schublade einwandfrei auf.</text>
		</review_text>
		<classification_as_spam></classification_as_spam>
	</opinion>
	
	
	<opinion>
		<reviewID></reviewID>
 
		<product>
			<productname>Planet X</productname>
			<salesrank>0</salesrank>
			<ratingcount>1</ratingcount>
		</product>
		<shop>London Lane Deutschland</shop>
		<rating>
			<five_stars>1</five_stars>
			<one_star>0</one_star>
			<this_rating>5</this_rating>
		</rating>
		<reviewer>
			<reviewer_name>Oliver Timm</reviewer_name>
			<realName>0</realName>
			<verified>0</verified>
			<assistant>0</assistant>
		</reviewer>
		<review_text>
			<tonality>1</tonality>
			<review_date>07.07.2002</review_date>
			<headline>Erinnerung an alte Zeiten</headline>
			<text>13 Stücke sind auf dieser CD untergebracht, wobei besonders die neue Version von Dedicated to you, an alte Zeiten erinnert. Verschiendenste Variationen von Ian Lloyd sind zu hören. Leider gelang ihm bisher kein Hit, obwohl das Album auch nach vielen wiederholten Hören ein absolutes Hörerlebnis ist.</text>
		</review_text>
		<classification_as_spam></classification_as_spam>
	</opinion>
	
	
	<opinion>
		<reviewID></reviewID>
 
		<product>
			<productname>s.Oliver Baby-Jungen Langarmshirts 65.607.31.5808</productname>
			<salesrank>310.840</salesrank>
			<ratingcount>3</ratingcount>
		</product>
		<shop>s.Oliver</shop>
		<rating>
			<five_stars>1</five_stars>
			<one_star>0</one_star>
			<this_rating>3</this_rating>
		</rating>
		<reviewer>
			<reviewer_name>Selentio</reviewer_name>
			<realName>0</realName>
			<verified>1</verified>
			<assistant>0</assistant>
		</reviewer>
		<review_text>
			<tonality>1</tonality>
			<review_date>26.02.2107</review_date>
			<headline>s.Oliver Baby-Jungen Langarmshirts...</headline>
			<text>Süßes Shirt, qualitativ auch prima und ich habe gleich zwei Größen bestellt. Der Kleine trägt jetzt 80/86 und leider was dieses Shirt einfach zu klein. Lieber eine Nummer größer bestellen.</text>
		</review_text>
		<classification_as_spam></classification_as_spam>
	</opinion>
	
	
	
	<opinion>
		<reviewID></reviewID>h
 
		<product>
			<productname>Happy Cherry Baby Jungen Denim Latzhosen Blau Jeans Hosen Niedliches Auto Pattern - für Körpergröße 80-90cm</productname>
			<salesrank>1.487.870</salesrank>
			<ratingcount>1</ratingcount>
		</product>
		<shop>HAPPY CHERRY</shop>
		<rating>
			<five_stars>1</five_stars>
			<one_star>0</one_star>
			<this_rating>5</this_rating>
		</rating>
		<reviewer>
			<reviewer_name>Selentio</reviewer_name>
			<realName>0</realName>
			<verified>1</verified>
			<assistant>0</assistant>
		</reviewer>
		<review_text>
			<tonality>1</tonality>
			<review_date>17.01.2017</review_date>
			<headline>Happy Cherry Baby Jungen Denim Latzhosen</headline>
			<text>Sehr, sehr süß. Der Denim Stoff ist weich, das Blau nicht so "grell" wie auf der Abbildung, eher ganz normales Jeans blau.</text>
		</review_text>
		<classification_as_spam></classification_as_spam>
	</opinion>
	
	
	
	<opinion>
		<reviewID></reviewID>
 
		<product>
			<productname>FUSION - Häkelnadeln in verschiedenen Größen - 2mm, 2.5mm, 3mm, 3.5mm, 4mm, 4.5mm, 5, 5.5, 6mm - 9 Stück Aluminium Häkelnadelset / Nadelset mit bunten Gummigriff - LEBENSLANGE GARANTIE</productname>
			<salesrank>26.944</salesrank>
			<ratingcount>195</ratingcount>
		</product>
		<shop>Fusion</shop>
		<rating>
			<five_stars>158</five_stars>
			<one_star>8</one_star>
			<this_rating>5</this_rating>
		</rating>
		<reviewer>
			<reviewer_name>Selentio</reviewer_name>
			<realName>0</realName>
			<verified>1</verified>
			<assistant>0</assistant>
		</reviewer>
		<review_text>
			<tonality>1</tonality>
			<review_date>17.12.2016</review_date>
			<headline>FUSION - Häkelnadeln in verschiedenen Größen</headline>
			<text>Perfekte Häkelnadeln in fast allen Größen. Sie liegen gut in der Hand, rutschen nicht, gut verpackt und der Häkelfreude steht nichts weiter entgegen. Absolut 5 Sterne</text>
		</review_text>
		<classification_as_spam></classification_as_spam>
	</opinion>
	
	
	
	<opinion>
		<reviewID></reviewID>
 
		<product>
			<productname>Digitaler HDTV DVB-T/T2 HEVC H.265 Receiver von DigiQuest ( HDMI, SCART, Display, USB 2.0)</productname>
			<salesrank>1.011</salesrank>
			<ratingcount>128</ratingcount>
		</product>
		<shop>Digiquest</shop>
		<rating>
			<five_stars>71</five_stars>
			<one_star>13</one_star>
			<this_rating>1</this_rating>
		</rating>
		<reviewer>
			<reviewer_name>Selentio</reviewer_name>
			<realName>0</realName>
			<verified>1</verified>
			<assistant>1</assistant>
		</reviewer>
		<review_text>
			<tonality>0</tonality>
			<review_date>17.11.2016</review_date>
			<headline>Digitaler HDTV DVB-T/T2 HEVC H.265 Receiver.</headline>
			<text>Er macht mich wahnsinnig ... Grundsätzlich ist sind die EInstellungen leicht zu machen und er tut auch (fast) immer, was er tun soll, aaaaaber: 1. nicht immer Ich habe manchmal, so zwischendurch, ohne erkennbaren Grund, massive Bildstörungen, die eine Ewigkeit anhalten. Man kann definitiv nicht weiter schauen 2. Die Fernbedienung ist derartig träge, schwach und schlecht, dass man X Mal drücken muss. Manchmal hat es dann allerdings auch zur Folge, dass man versehendlich X Mal ein Prograamm anwählt, was dann nicht vorhanden sein kann - logisch ( zB 4444) 3. Das Gerät wird vom Fernseher nicht automatisch erkannt und da ich nicht nur einen HDMI Eingang belegt habe, bin ich nur am hin und herschalten. Dabei geht leider das Gerät auch mal aus, wenn man dadurch nicht schnell genug ist. 4. Ich empfange "nur" die üblichen Sender, die ich auch vorher empfangen habe. Inwieweit sich das nach der Umstellung auf DVB-T T2 nützlich macht, kann ich erst danach beurteilen. Größter Schwachpunkt ist also nur die FB.</text>
		</review_text>
		<classification_as_spam></classification_as_spam>
	</opinion>
	
	
	
	<opinion>
		<reviewID></reviewID>
 
		<product>
			<productname>Girafus® Katze Hund pro-TRACK-tor Tracker Peilsender Ortung und Sucher / Mini RF-Tracker (8gr mit Batterie) ideal für Katzen Haustiere Hunde / Ortung in Räumen möglich zB. Nachbarskeller</productname>
			<salesrank>3.177</salesrank>
			<ratingcount>82</ratingcount>
		</product>
		<shop>Utumbuku Teechnologies</shop>
		<rating>
			<five_stars>34</five_stars>
			<one_star>15</one_star>
			<this_rating>1</this_rating>
		</rating>
		<reviewer>
			<reviewer_name>Selentio</reviewer_name>
			<realName>0</realName>
			<verified>1</verified>
			<assistant>1</assistant>
		</reviewer>
		<review_text>
			<tonality>0</tonality>
			<review_date>17.11.2016</review_date>
			<headline>Girafus® Pro-Track-tor Haustier Hund Katze</headline>
			<text>Zuerst einmal das Tolle. Kundenservice = ist nicht zu toppen, super!!! Nur wenn man es nicht benutzen kann, ist es trotzdem nur ein Stern wert. Das Programmieren funktioniert nicht so, wie es beschrieben wird. Ja, der Kundenservice übernimmt das dann kostenfrei. Aber das Aufspüren der Sender ist so mühsam, ungewiss und schwierig, dass es keinen Sinn macht. Tolle Idee, gruselige Technik.</text>
		</review_text>
		<classification_as_spam></classification_as_spam>
	</opinion>
	
	
	
	<opinion>
		<reviewID></reviewID>
 
		<product>
			<productname>Hängesesselgestell mit Hängestuhl | Schaukel für Kinder und Erwachsene | Komplettset Metall-Gestell mit Hängesitz in Orange | für Innen und Außen</productname>
			<salesrank>22.565</salesrank>
			<ratingcount>9</ratingcount>
		</product>
		<shop>einspreis</shop>
		<rating>
			<five_stars>4</five_stars>
			<one_star>0</one_star>
			<this_rating>3</this_rating>
		</rating>
		<reviewer>
			<reviewer_name>Selentio</reviewer_name>
			<realName>0</realName>
			<verified>1</verified>
			<assistant>2</assistant>
		</reviewer>
		<review_text>
			<tonality>0</tonality>
			<review_date>26.09.2016</review_date>
			<headline>Hängesesselgestell mit Hängestuhl</headline>
			<text>Die Schaukel lässt sich schnell zusammenbauen, der Hängestuhl ist extrem bequem, aber ... - sie rostet sofort und hinterlässt entsprechend Rostflecken auf der Terrasse - sie kippt irre schnell. Mein 9 Monate alter Enkel könnte nicht eine Sekunde unbeobachtet bleiben, ich halte sie auch IMMER fest.</text>
		</review_text>
		<classification_as_spam></classification_as_spam>
	</opinion>
	
	
	
	<opinion>
		<reviewID></reviewID>
 
		<product>
			<productname>Steinbach Poolchemie Testkit für pH-Wert und freies Chlor, 20 Tabletten ( 2x10 Stk. )</productname>
			<salesrank>134</salesrank>
			<ratingcount>85</ratingcount>
		</product>
		<shop>FHS-TEAM</shop>
		<rating>
			<five_stars>44</five_stars>
			<one_star>11</one_star>
			<this_rating>1</this_rating>
		</rating>
		<reviewer>
			<reviewer_name>Selentio</reviewer_name>
			<realName>0</realName>
			<verified>1</verified>
			<assistant>0</assistant>
		</reviewer>
		<review_text>
			<tonality>0</tonality>
			<review_date>11.07.2016</review_date>
			<headline>Steinbach Poolchemie Testkit</headline>
			<text>Ich kann nur für mich sprechen, aber die Anzeige kann definitiv nicht stimmen. Ich habe nur einen kleinen Pool, aber nachdem ich es mit Frischwasser befüllt hatte und 1 kleine Chlortablette hinzugab, war das Testergebnis Plus 5 bei Chlor und plus 8 bei PH, also unterirdisch. Mit meinen alten Teststreifen hatte ich gute Ergebnisse. Zudem sind es nicht wirklich 20 Tabletten zum Testen, sonder nur 2 x 10, man benötigt für jeden Test 2 Stück.</text>
		</review_text>
		<classification_as_spam></classification_as_spam>
	</opinion>
	
	
	
	<opinion>
		<reviewID></reviewID>
 
		<product>
			<productname>Gardena 8755-30 Classic Amboss-Gartenschere</productname>
			<salesrank>56.716</salesrank>
			<ratingcount>23</ratingcount>
		</product>
		<shop>shop-ar</shop>
		<rating>
			<five_stars>17</five_stars>
			<one_star>1</one_star>
			<this_rating>3</this_rating>
		</rating>
		<reviewer>
			<reviewer_name>Selentio</reviewer_name>
			<realName>0</realName>
			<verified>1</verified>
			<assistant>2</assistant>
		</reviewer>
		<review_text>
			<tonality>0</tonality>
			<review_date>09.07.2016</review_date>
			<headline>ardena 8755-30 Classic Amboss-Gartenschere</headline>
			<text>Die Gartenschere liegt einfach nicht gut in der Hand. Zu gerne möchte sie sich "umdrehen". Rosen schneidet sie topp, kleine und zarte Stengel hingegen gar nicht, die quetscht sie nur.</text>
		</review_text>
		<classification_as_spam></classification_as_spam>
	</opinion>
	
	
	
	<opinion>
		<reviewID></reviewID>
 
		<product>
			<productname>Gardena 3149-20 Kantenstecher Adapter für Combisystem; Wackelfreie Verbindung; Passend zu allen CS Stielen; Korrosionsgeschützt; Angeschärfte und gehärteten Kante</productname>
			<salesrank>1.172</salesrank>
			<ratingcount>42</ratingcount>
		</product>
		<shop>Amazon</shop>
		<rating>
			<five_stars>22</five_stars>
			<one_star>6</one_star>
			<this_rating>5</this_rating>
		</rating>
		<reviewer>
			<reviewer_name>Selentio</reviewer_name>
			<realName>0</realName>
			<verified>1</verified>
			<assistant>2</assistant>
		</reviewer>
		<review_text>
			<tonality>1</tonality>
			<review_date>09.07.2016</review_date>
			<headline>Gardena 3149-20 cs-Rasenkantenstecher</headline>
			<text>Ich weiß nicht, warum so viele Probleme mit der "Schärfe" hatten, bei mir ging der Stecher durch wie bei Butter. Ob sich das Material inzwischen geändert hat , oder die Böden so unterschiedlich sind, kann ich nicht beurteilen. Bei mir funktioniert er perfekt.</text>
		</review_text>
		<classification_as_spam></classification_as_spam>
	</opinion>
	
	
	
	<opinion>
		<reviewID></reviewID>
 
		<product>
			<productname>Hibiskus Red Heart zum Stämmchen gezogen rot-weiß blühend, 1 Pflanze</productname>
			<salesrank>38.593</salesrank>
			<ratingcount>19</ratingcount>
		</product>
		<shop>Amazon.de Pflanzenservice</shop>
		<rating>
			<five_stars>7</five_stars>
			<one_star>3</one_star>
			<this_rating>1</this_rating>
		</rating>
		<reviewer>
			<reviewer_name>Selentio</reviewer_name>
			<realName>0</realName>
			<verified>1</verified>
			<assistant>0</assistant>
		</reviewer>
		<review_text>
			<tonality>0</tonality>
			<review_date>25.06.2016</review_date>
			<headline>Was ist das?</headline>
			<text>Die Pflanze an sich ist schön gekommen, aber nun kommen die ersten Blüten. Ich würde sagen blass rot, einfarbig, nicht schön!</text>
		</review_text>
		<classification_as_spam></classification_as_spam>
	</opinion>
	
	
	
	<opinion>
		<reviewID></reviewID>
 
		<product>
			<productname>Top Luftmatratze Float away mit Getränkehalter Kopfkissen und Rückenpolster</productname>
			<salesrank>431.759</salesrank>
			<ratingcount>1</ratingcount>
		</product>
		<shop>Summer Waves</shop>
		<rating>
			<five_stars>1</five_stars>
			<one_star>0</one_star>
			<this_rating>5</this_rating>
		</rating>
		<reviewer>
			<reviewer_name>Selentio</reviewer_name>
			<realName>0</realName>
			<verified>1</verified>
			<assistant>0</assistant>
		</reviewer>
		<review_text>
			<tonality>1</tonality>
			<review_date>08.06.2016</review_date>
			<headline>Top Luftmatratze Float away mit Getränkehalter...</headline>
			<text>Ich gebe zu, mein Ansruch ist gering. Ich benutze die Ludtmatratze mit Kopfstütze in meinem Pool und lieeeeeeeeeeeeeeeeebe sie. Völlig schwerdelos dümpelt man im kühlen nass und genießt die Sonne. Wenn man wenig Wasser im Pool hat, aslo so um die 20 - 30 cm und man legt sein ganzes Gewicht auf`s Gesäß, lässt es sich sogar hervorragend darin sitzen :D Und! Nicht zu unterschätzen, man kann sich die Sonne auch super bequem auf den Rücken scheinen lassen.</text>
		</review_text>
		<classification_as_spam></classification_as_spam>
	</opinion>
	
	
	
	<opinion>
		<reviewID></reviewID>
 
		<product>
			<productname>Gefüllter Schneeball weiß blühend, 1 Strauch</productname>
			<salesrank>7.914</salesrank>
			<ratingcount>22</ratingcount>
		</product>
		<shop>Amazon.de Pflanzenservice</shop>
		<rating>
			<five_stars>12</five_stars>
			<one_star>7</one_star>
			<this_rating>1</this_rating>
		</rating>
		<reviewer>
			<reviewer_name>Selentio</reviewer_name>
			<realName>0</realName>
			<verified>1</verified>
			<assistant>2</assistant>
		</reviewer>
		<review_text>
			<tonality>0</tonality>
			<review_date>06.06.2016</review_date>
			<headline>Gefüllter Schneeball</headline>
			<text>Ob er gefüllt sein wird, kann ich noch nicht sagen. Die Pflanze kam sehr mickrig an, dafür aber mit einem Pilz infiziert. Das wenige Grün, was vorhanden war, muss also runter, die Chemiekeule muss auch her, damit er gesund nachwachsen kann. Totaler Reinfall.</text>
		</review_text>
		<classification_as_spam></classification_as_spam>
	</opinion>
	
	
	
	<opinion>
		<reviewID></reviewID>
 
		<product>
			<productname>Bestway Abdeckplane für Frame Pool, 221x150cm</productname>
			<salesrank>2.046</salesrank>
			<ratingcount>182</ratingcount>
		</product>
		<shop>Bestway</shop>
		<rating>
			<five_stars>31</five_stars>
			<one_star>70</one_star>
			<this_rating>1</this_rating>
		</rating>
		<reviewer>
			<reviewer_name>Selentio</reviewer_name>
			<realName>0</realName>
			<verified>1</verified>
			<assistant>0</assistant>
		</reviewer>
		<review_text>
			<tonality>0</tonality>
			<review_date>06.06.2016</review_date>
			<headline>Bestway Abdeckplane für Frame Pool, 221 x 150</headline>
			<text>Passt blöder Weise nicht zum Pool "Intex Aufstellpool Frame Pool Family, Blau, 220 x 150 x 60 cm", es fehlen so 2 bis 3 cm, sehr ärgerlichDünn, schlecht zu besfestigen, die Bänder sind ... unterirdisch, an den falschen Stellen und gar nicht in den Ecken.</text>
		</review_text>
		<classification_as_spam></classification_as_spam>
	</opinion>
	
	
	
	
	<opinion>
		<reviewID></reviewID>
 
		<product>
			<productname>Windhager Bindedraht, 100 m</productname>
			<salesrank>6.576</salesrank>
			<ratingcount>8</ratingcount>
		</product>
		<shop>Amazon</shop>
		<rating>
			<five_stars>3</five_stars>
			<one_star>1</one_star>
			<this_rating>1</this_rating>
		</rating>
		<reviewer>
			<reviewer_name>Selentio</reviewer_name>
			<realName>0</realName>
			<verified>1</verified>
			<assistant>0</assistant>
		</reviewer>
		<review_text>
			<tonality>0</tonality>
			<review_date>02.06.2016</review_date>
			<headline>Bindedraht - Nicht zu gebrauchen</headline>
			<text>Und nichts geht mehr ... Der "Cutter" ist auch sehr gewöhnungsbedürftig, ich finde ihn nicht gut. Ich habe den Draht jetzt freigeschnitten und denke, ich kann noch so 1 bis 2 Meter gebrauchen. Super ärgerlich!!!</text>
		</review_text>
		<classification_as_spam></classification_as_spam>
	</opinion>
	
	
	<opinion>
		<reviewID></reviewID>
 
		<product>
			<productname>haltofix Autoflaschenhalter - Getränkehalter, Flaschenhalter, Becherhalter, Dosenhalter, Auto</productname>
			<salesrank>12.229</salesrank>
			<ratingcount>62</ratingcount>
		</product>
		<shop>haltofix</shop>
		<rating>
			<five_stars>0</five_stars>
			<one_star>0</one_star>
			<this_rating>4</this_rating>
		</rating>
		<reviewer>
			<reviewer_name>Selentio</reviewer_name>
			<realName>0</realName>
			<verified>1</verified>
			<assistant>0</assistant>
		</reviewer>
		<review_text>
			<tonality>1</tonality>
			<review_date>29.03.2016</review_date>
			<headline>haltofix Autoflaschenhalter - Getränkehalter,...</headline>
			<text>Geniale und sehr einfache Lösung. Meine 1.5 Liter Flasche bleibt bombenfest stehen. Das Halbrund ist mit Kunststoff ummantelt, was auch super ist. Nur den Preis halte ich für überhöht, deswegen nur 4 Sterne</text>
		</review_text>
		<classification_as_spam></classification_as_spam>
	</opinion>
	
	
	<opinion>
		<reviewID></reviewID>
 
		<product>
			<productname>L215cm Motorradgarage Motorrad Abdeckplane Ganzgarage Rollerabdeckung H006MB-GSX-1 GHM1BS</productname>
			<salesrank>30.904</salesrank>
			<ratingcount>72</ratingcount>
		</product>
		<shop> Brightent-Motorradgarage</shop>
		<rating>
			<five_stars>38</five_stars>
			<one_star>10</one_star>
			<this_rating>5</this_rating>
		</rating>
		<reviewer>
			<reviewer_name>Selentio</reviewer_name>
			<realName>0</realName>
			<verified>1</verified>
			<assistant>0</assistant>
		</reviewer>
		<review_text>
			<tonality>1</tonality>
			<review_date>16.03.2016</review_date>
			<headline>Fahrradgarage, Fahrradabdeckung für 28 Zoll</headline>
			<text>Die Erste und EINZIGE Abdeckung, die wirklich groß genug, für mein 28 Zoll E-Bike / Damenfahrrad ist. Ja, das Material ist dünn, aber ich habe auch noch einen Extra Spanngurt zur Befestigung, falls es doch mal stürmischer wird. Ansonsten gibt es da auch noch eine andere Befestigungsmöglichkeit von Hersteller. Eher da, als angegeben,</text>
		</review_text>
		<classification_as_spam></classification_as_spam>
	</opinion>
	
	
	
	<opinion>
		<reviewID></reviewID>
 
		<product>
			<productname>BTR Fahrradabdeckung, wasserfeste Fahrradgarage für Fahrräder und Scooter. Hochwertiges Oxford Polyester Material, schwarz, 210D Oxford Material</productname>
			<salesrank>44.823</salesrank>
			<ratingcount>31</ratingcount>
		</product>
		<shop>BTR</shop>
		<rating>
			<five_stars>19</five_stars>
			<one_star>2</one_star>
			<this_rating>1</this_rating>
		</rating>
		<reviewer>
			<reviewer_name>Selentio</reviewer_name>
			<realName>0</realName>
			<verified>1</verified>
			<assistant>4</assistant>
		</reviewer>
		<review_text>
			<tonality>0</tonality>
			<review_date>05.03.2016</review_date>
			<headline>BTR Fahrradgarage, Abdeckhaube, Schutzbezug</headline>
			<text>Qualitativ super Abdeckung, stabil, geräumig, durchdacht ... wenn sie denn auch über ein ganz normales, 28`er Damenrad passen würde, wäre sie perfekt. Deutlich zu klein!</text>
		</review_text>
		<classification_as_spam></classification_as_spam>
	</opinion>
	
	
	
	
	<opinion>
		<reviewID></reviewID>
 
		<product>
			<productname>Beautissu® Romantica Decke 210x280cm in Wildleder-Optik als Sofa-Überwurf Tagesdecke Plaid in Natur</productname>
			<salesrank>29.619</salesrank>
			<ratingcount>156</ratingcount>
		</product>
		<shop>Beautissu</shop>
		<rating>
			<five_stars>86</five_stars>
			<one_star>10</one_star>
			<this_rating>1</this_rating>
		</rating>
		<reviewer>
			<reviewer_name>Selentio</reviewer_name>
			<realName>0</realName>
			<verified>1</verified>
			<assistant>2</assistant>
		</reviewer>
		<review_text>
			<tonality>0</tonality>
			<review_date>14.02.2016</review_date>
			<headline>Tagesdecke Plaid Überwurf Sofaüberwurf.</headline>
			<text>Es wäre alles prima, WENN sich der Überwurf auch als Überwurf eignen würde. Das tut er aber nicht, weil er - bedingt durch die Rückseite - allglatt ist und nur rutscht. Da hilft auch kein Einklemmen, oder sonst etwas. Rutschig, entsprechend faltig, mega unpraktisch. Dabei waren die Bewertungen so gut. Ich kann`s nicht verstehen.</text>
		</review_text>
		<classification_as_spam></classification_as_spam>
	</opinion>
	
	
	
	
	<opinion>
		<reviewID></reviewID>
 
		<product>
			<productname>MAKOMA Baby Mütze mit Bindeband Unisex -My Bear- (56 – 68)</productname>
			<salesrank>363.448</salesrank>
			<ratingcount>3</ratingcount>
		</product>
		<shop>Makoma</shop>
		<rating>
			<five_stars>2</five_stars>
			<one_star>0</one_star>
			<this_rating>5</this_rating>
		</rating>
		<reviewer>
			<reviewer_name>Selentio</reviewer_name>
			<realName>0</realName>
			<verified>1</verified>
			<assistant>0</assistant>
		</reviewer>
		<review_text>
			<tonality>1</tonality>
			<review_date>03.02.216</review_date>
			<headline>Baby Mütze mit Ohren</headline>
			<text>Die Mütze sieht süß aus, passt wie erwartet und die Öhrchen werden auch wirklich ganz abgedeckt, das war uns wichtig.</text>
		</review_text>
		<classification_as_spam></classification_as_spam>
	</opinion>
	
	
	
	
	<opinion>
		<reviewID></reviewID>
 
		<product>
			<productname>5 x 100 Gramm Babywolle grau, 80325 hellgrau, 500 Gramm Wolle Super Bulky zum Stricken und Häkeln</productname>
			<salesrank>979.939</salesrank>
			<ratingcount>3</ratingcount>
		</product>
		<shop>Himalaya Baby Dolphin</shop>
		<rating>
			<five_stars>2</five_stars>
			<one_star>0</one_star>
			<this_rating>2</this_rating>
		</rating>
		<reviewer>
			<reviewer_name>Selentio</reviewer_name>
			<realName>0</realName>
			<verified>1</verified>
			<assistant>0</assistant>
		</reviewer>
		<review_text>
			<tonality>0</tonality>
			<review_date>29.01.2016</review_date>
			<headline>Babywolle</headline>
			<text>Diese Wolle gefällt mir persönlich gar nicht. Zwar ist sie tatsächlich unfassbar weich, aber beim Aufnehmen von Maschen, bleibt diese erste Reihe unnachgiebig und ist deswegen immer zu eng und starr. Hält man sich an die Maschenvorgabe, geht das nach hinten los. Nicht schön!</text>
		</review_text>
		<classification_as_spam></classification_as_spam>
	</opinion>
	
	
	
	
	<opinion>
		<reviewID></reviewID>
 
		<product>
			<productname>Gründl King Cotton Set, 6 x 50 G, Farbe frei wählbar(Farben bitte per Nachricht mitteilen)</productname>
			<salesrank>581.544</salesrank>
			<ratingcount>6</ratingcount>
		</product>
		<shop>Gründl</shop>
		<rating>
			<five_stars>5</five_stars>
			<one_star>0</one_star>
			<this_rating>5</this_rating>
		</rating>
		<reviewer>
			<reviewer_name>Selentio</reviewer_name>
			<realName>0</realName>
			<verified>1</verified>
			<assistant>0</assistant>
		</reviewer>
		<review_text>
			<tonality>1</tonality>
			<review_date>29.01.2016</review_date>
			<headline>Gründl King Cotton</headline>
			<text>Traum-Strickwolle gefunden. Nach vielen, vielen "Fehlgriffen" ist das nun eine Wolle, die nicht "knatscht" , sich super gut verarbeiten lässt, die Strickstücke schnell von Hand laufen lässt und sich für Alles eignet, was man sich vorstellen kann. Ich stricke zur Zeit viel für`s Baby. Und die Ware kommt immer früher, als angegeben. Traumhaft! *****</text>
		</review_text>
		<classification_as_spam></classification_as_spam>
	</opinion>
	
	
	
	
	<opinion>
		<reviewID></reviewID>
 
		<product>
			<productname>Merinowolle Babywolle Rico Merino dk Fb. 49 kiesel zum Stricken und Häkeln</productname>
			<salesrank>322.617</salesrank>
			<ratingcount>2</ratingcount>
		</product>
		<shop>Rico essentials Merino dk</shop>
		<rating>
			<five_stars>2</five_stars>
			<one_star>0</one_star>
			<this_rating>5</this_rating>
		</rating>
		<reviewer>
			<reviewer_name>Selentio</reviewer_name>
			<realName>0</realName>
			<verified>1</verified>
			<assistant>1</assistant>
		</reviewer>
		<review_text>
			<tonality>1</tonality>
			<review_date>16.10.2015</review_date>
			<headline>Merinowolle Babywolle Rico Merino</headline>
			<text>Ich bin "geplättet" und total begeistert. Die Wolle sieht aus, als dürfte man nur Nadelstärke 2 nehmen, ist aber mit 4 angegeben und das habe ich dann auch , sehr skeptisch, gemacht. Und? Huch, die erste Strickwolle, die sich beim stricken dehnt :-O und das ohne Kunstfasern. Wie das geht, weiß ich zwar nicht, aber die Strickstücke sehen fantastisch aus, sind weich und es lässt sich damit super stricken.</text>
		</review_text>
		<classification_as_spam></classification_as_spam>
	</opinion>
	
	
	
	
	<opinion>
		<reviewID></reviewID>
 
		<product>
			<productname>Patchwork Tagesdecken 250x260cm mit 2 Kissenbezügen 50x70cm</productname>
			<salesrank>1.275.401</salesrank>
			<ratingcount>2</ratingcount>
		</product>
		<shop>My Place</shop>
		<rating>
			<five_stars>2</five_stars>
			<one_star>0</one_star>
			<this_rating>5</this_rating>
		</rating>
		<reviewer>
			<reviewer_name>Selentio</reviewer_name>
			<realName>0</realName>
			<verified>1</verified>
			<assistant>1</assistant>
		</reviewer>
		<review_text>
			<tonality>1</tonality>
			<review_date>18.09.2015</review_date>
			<headline>Patchwork Tagesdecken 250x260cm mit 2 Kissenbezügen</headline>
			<text>Toll, toller, am tollsten ^^ Ich habe mir ein Vintage Bett zugelegt und vier Katzen :-O Aber diese gesteppte Tagesdecke verzeiht so ziemlich alles und ist super gut abzusaugen. Sie fällt gut und mit den passenden Kissen nutze ich das Bett sozusagen auch als Sofa. Sehr, sehr schön!</text>
		</review_text>
		<classification_as_spam></classification_as_spam>
	</opinion>
	
	
	
	
	<opinion>
		<reviewID></reviewID>
 
		<product>
			<productname>Visolight D280 LED Wand- Deckenleuchte - TÜV GS geprüft - 1900lm tageslichtweiß [Energieklasse A+]</productname>
			<salesrank>31.180</salesrank>
			<ratingcount>519</ratingcount>
		</product>
		<shop>Conrad Electronic</shop>
		<rating>
			<five_stars>448</five_stars>
			<one_star>2</one_star>
			<this_rating>5</this_rating>
		</rating>
		<reviewer>
			<reviewer_name>Selentio</reviewer_name>
			<realName>0</realName>
			<verified>1</verified>
			<assistant>0</assistant>
		</reviewer>
		<review_text>
			<tonality>1</tonality>
			<review_date>18.09.2015</review_date>
			<headline>VISOLIGHT D280, 5000 K, 21 W ...</headline>
			<text>Ich habe sie als "Putzlicht" in meiner Küche hängen. Sie ist "irre" hell, der Raum ist mehr als nur gut ausgeleuchtet :D Nicht dimmbar, schön unauffällig und kein Staubfänger, das war mir mit das Wichtigste.</text>
		</review_text>
		<classification_as_spam></classification_as_spam>
	</opinion>
	
	
	<opinion>
		<reviewID></reviewID>
 
		<product>
			<productname>mySPOTTI moderner Spritzschutz Motiv Kochnische Aluminium Küche Herd Kochfeld</productname>
			<salesrank>156.995</salesrank>
			<ratingcount>20</ratingcount>
		</product>
		<shop>Geschenkestadl</shop>
		<rating>
			<five_stars>16</five_stars>
			<one_star>0</one_star>
			<this_rating>3</this_rating>
		</rating>
		<reviewer>
			<reviewer_name>Selentio</reviewer_name>
			<realName>0</realName>
			<verified>1</verified>
			<assistant>1</assistant>
		</reviewer>
		<review_text>
			<tonality>0</tonality>
			<review_date>18.09.2015</review_date>
			<headline>mySPOTTI moderner Spritzschutz Motiv Kochnische...</headline>
			<text>Ich liebe nette Gimmicks, es ist nur dumm, wenn die Saugnäpfe nicht halten. Gut daran ist, dass man sie problemlos entfernen kann und statt dessen Spiegelklebeband benutzt. In sofern ... so funktioniert es.</text>
		</review_text>
		<classification_as_spam></classification_as_spam>
	</opinion>

</reviews>